Owner Address,Token ID
0x4Cd209Eef1308EEDd8F0406E887942e236af7cf6,1001
0x475bC988C75CfC0a42dB269868866B19f9B63350,1002
0xbFc540FE2E9710Ed9F45E8F4efC2089152CC6360,1003
0x442C5676E31Df8E0018C949b09141fD333980BcC,1004
0x2627c39DaBac510F47f2A692225e70C9B6249276,1005
0x99d305594E27441cfADf235f5480872243629dFA,1006
0x99d305594E27441cfADf235f5480872243629dFA,1007
0x99d305594E27441cfADf235f5480872243629dFA,1008
0x2B634D62f444305B9c12fE7690C1145439f8Bf12,1009
0x99d305594E27441cfADf235f5480872243629dFA,1010
0x40bC680b605c6A9824860ABB101e482A8131e108,1011
0x99d305594E27441cfADf235f5480872243629dFA,1012
0x99d305594E27441cfADf235f5480872243629dFA,1013
0x2627c39DaBac510F47f2A692225e70C9B6249276,1014
0x99d305594E27441cfADf235f5480872243629dFA,1015
0xbFc540FE2E9710Ed9F45E8F4efC2089152CC6360,1016
0x6d7D2CC67f5Da6587b65854A6Cd5eFD5d2867124,1017
0x442C5676E31Df8E0018C949b09141fD333980BcC,1018
0x597aAB0305ed1D37d1a009854303e927C468b52c,1019
0x2627c39DaBac510F47f2A692225e70C9B6249276,1020
0x2B634D62f444305B9c12fE7690C1145439f8Bf12,1021
0x99d305594E27441cfADf235f5480872243629dFA,1022
0x57696a563B66dFA0c180747217d0EdCF17A9cD51,1023
0x5a61dd9A663a868144660F5fB7Dc8dB68F0500Fb,1024
0x99d305594E27441cfADf235f5480872243629dFA,1025
0x99d305594E27441cfADf235f5480872243629dFA,1026
0x99d305594E27441cfADf235f5480872243629dFA,1027
0x99d305594E27441cfADf235f5480872243629dFA,1028
0x99d305594E27441cfADf235f5480872243629dFA,1029
0x99d305594E27441cfADf235f5480872243629dFA,1030
0x99d305594E27441cfADf235f5480872243629dFA,1031
0x99d305594E27441cfADf235f5480872243629dFA,1032
0x99d305594E27441cfADf235f5480872243629dFA,1033
0x99d305594E27441cfADf235f5480872243629dFA,1034
0x99d305594E27441cfADf235f5480872243629dFA,1035
0x99d305594E27441cfADf235f5480872243629dFA,1036
0x99d305594E27441cfADf235f5480872243629dFA,1037
0x99d305594E27441cfADf235f5480872243629dFA,1038
0x99d305594E27441cfADf235f5480872243629dFA,1039
0x57696a563B66dFA0c180747217d0EdCF17A9cD51,1040
0x71B6DaaC6a408055517E7EE21eD37426EAcC5A7F,1041
0xADC91c54925c3F3Da0071A64862377e74B5bF169,1042
0xADC91c54925c3F3Da0071A64862377e74B5bF169,1043
0x6d7D2CC67f5Da6587b65854A6Cd5eFD5d2867124,1044
0x442C5676E31Df8E0018C949b09141fD333980BcC,1045
0x57696a563B66dFA0c180747217d0EdCF17A9cD51,1046
0x57696a563B66dFA0c180747217d0EdCF17A9cD51,1047
0x99d305594E27441cfADf235f5480872243629dFA,1048
0x99d305594E27441cfADf235f5480872243629dFA,1049
0x99d305594E27441cfADf235f5480872243629dFA,1050
0x99d305594E27441cfADf235f5480872243629dFA,1051
0x99d305594E27441cfADf235f5480872243629dFA,1052
0x99d305594E27441cfADf235f5480872243629dFA,1053
0x99d305594E27441cfADf235f5480872243629dFA,1054
0x99d305594E27441cfADf235f5480872243629dFA,1055
0x99d305594E27441cfADf235f5480872243629dFA,1056
0x99d305594E27441cfADf235f5480872243629dFA,1057
0x99d305594E27441cfADf235f5480872243629dFA,1058
0x99d305594E27441cfADf235f5480872243629dFA,1059
0x99d305594E27441cfADf235f5480872243629dFA,1060
0x99d305594E27441cfADf235f5480872243629dFA,1061
0x99d305594E27441cfADf235f5480872243629dFA,1062
0x2627c39DaBac510F47f2A692225e70C9B6249276,1063
0x99d305594E27441cfADf235f5480872243629dFA,1064
0x99d305594E27441cfADf235f5480872243629dFA,1065
0x99d305594E27441cfADf235f5480872243629dFA,1066
0x99d305594E27441cfADf235f5480872243629dFA,1067
0x99d305594E27441cfADf235f5480872243629dFA,1068
0x99d305594E27441cfADf235f5480872243629dFA,1069
0x99d305594E27441cfADf235f5480872243629dFA,1070
0x99d305594E27441cfADf235f5480872243629dFA,1071
0x2B634D62f444305B9c12fE7690C1145439f8Bf12,1072
0x99d305594E27441cfADf235f5480872243629dFA,1073
0x99d305594E27441cfADf235f5480872243629dFA,1074
0x99d305594E27441cfADf235f5480872243629dFA,1075
0x99d305594E27441cfADf235f5480872243629dFA,1076
0x2627c39DaBac510F47f2A692225e70C9B6249276,1077
0x99d305594E27441cfADf235f5480872243629dFA,1078
0x0dd564570e310AA0A89ba387CE70A582448195B5,1079
0x0dd564570e310AA0A89ba387CE70A582448195B5,1080
0x99d305594E27441cfADf235f5480872243629dFA,1081
0x2B634D62f444305B9c12fE7690C1145439f8Bf12,1082
0x99d305594E27441cfADf235f5480872243629dFA,1083
0x99d305594E27441cfADf235f5480872243629dFA,1084
0x99d305594E27441cfADf235f5480872243629dFA,1085
0x6Ac3baC06Fa8Ca1aC94F41acEA20Bf99B79BFf7A,1086
0x1498D282b1f2d2226f4Aea22219F5be900066AC0,1087
0x34c886640B9e2697374b48843c43993c86640f3c,1088
0x2627c39DaBac510F47f2A692225e70C9B6249276,1089
0xF6A1F53026dC95152269aB4fD5De04CbaffDb528,1090
0x78FA562DB71c28Af6E0643324CD2b5d3CF2bc6ef,1091
0x5a61dd9A663a868144660F5fB7Dc8dB68F0500Fb,1092
0x52a3C618D47A4CE8C95eB846eeD47ef3CED4bF2F,1093
0xB7DCe1B36B8E57b9C9160CdB9DaaD16a9935319c,1094
0x57696a563B66dFA0c180747217d0EdCF17A9cD51,1095
0x2627c39DaBac510F47f2A692225e70C9B6249276,1096
0x2627c39DaBac510F47f2A692225e70C9B6249276,1097
0x2627c39DaBac510F47f2A692225e70C9B6249276,1098
0x442C5676E31Df8E0018C949b09141fD333980BcC,1099
0x442C5676E31Df8E0018C949b09141fD333980BcC,1100
0x442C5676E31Df8E0018C949b09141fD333980BcC,1101
0x475bC988C75CfC0a42dB269868866B19f9B63350,1102
0x475bC988C75CfC0a42dB269868866B19f9B63350,1103
0x475bC988C75CfC0a42dB269868866B19f9B63350,1104
0x475bC988C75CfC0a42dB269868866B19f9B63350,1105
0x597aAB0305ed1D37d1a009854303e927C468b52c,1106
0x6d7D2CC67f5Da6587b65854A6Cd5eFD5d2867124,1107
0xADC91c54925c3F3Da0071A64862377e74B5bF169,1108
0xbFc540FE2E9710Ed9F45E8F4efC2089152CC6360,1109
0xbFc540FE2E9710Ed9F45E8F4efC2089152CC6360,1110
0xbFc540FE2E9710Ed9F45E8F4efC2089152CC6360,1111
0x4Cd209Eef1308EEDd8F0406E887942e236af7cf6,1112
0x4Cd209Eef1308EEDd8F0406E887942e236af7cf6,1113
0x4Cd209Eef1308EEDd8F0406E887942e236af7cf6,1114
0x4Cd209Eef1308EEDd8F0406E887942e236af7cf6,1115
0x2627c39DaBac510F47f2A692225e70C9B6249276,1116
0x597aAB0305ed1D37d1a009854303e927C468b52c,1117
0x99d305594E27441cfADf235f5480872243629dFA,1118
0xbFc540FE2E9710Ed9F45E8F4efC2089152CC6360,1119
0x0C619402e57A2b6C93728dF02F2307d504BEe0B3,1120
0x99d305594E27441cfADf235f5480872243629dFA,1121
0x784A80C4E5452BC47447B23f4961E17a6F989d38,1122
0x99d305594E27441cfADf235f5480872243629dFA,1123
0x99d305594E27441cfADf235f5480872243629dFA,1124
0x99d305594E27441cfADf235f5480872243629dFA,1125
0x99d305594E27441cfADf235f5480872243629dFA,1126
0x99d305594E27441cfADf235f5480872243629dFA,1127
0x99d305594E27441cfADf235f5480872243629dFA,1128
0x474b02bEdB8a12C3c3E41E605648D8EF4a39196c,1129
0x99d305594E27441cfADf235f5480872243629dFA,1130
0x99d305594E27441cfADf235f5480872243629dFA,1131
0x474b02bEdB8a12C3c3E41E605648D8EF4a39196c,1132
0x99d305594E27441cfADf235f5480872243629dFA,1133
0x99d305594E27441cfADf235f5480872243629dFA,1134
0x99d305594E27441cfADf235f5480872243629dFA,1135
0x99d305594E27441cfADf235f5480872243629dFA,1136
0x99d305594E27441cfADf235f5480872243629dFA,1137
0x99d305594E27441cfADf235f5480872243629dFA,1138
0x99d305594E27441cfADf235f5480872243629dFA,1139
0x99d305594E27441cfADf235f5480872243629dFA,1140
0x2627c39DaBac510F47f2A692225e70C9B6249276,1141
0x57696a563B66dFA0c180747217d0EdCF17A9cD51,1142
0x57696a563B66dFA0c180747217d0EdCF17A9cD51,1143
0x99d305594E27441cfADf235f5480872243629dFA,1144
0x99d305594E27441cfADf235f5480872243629dFA,1145
0x99d305594E27441cfADf235f5480872243629dFA,1146
0x99d305594E27441cfADf235f5480872243629dFA,1147
0x99d305594E27441cfADf235f5480872243629dFA,1148
0x99d305594E27441cfADf235f5480872243629dFA,1149
0x99d305594E27441cfADf235f5480872243629dFA,1150
0x99d305594E27441cfADf235f5480872243629dFA,1151
0x99d305594E27441cfADf235f5480872243629dFA,1152
0x99d305594E27441cfADf235f5480872243629dFA,1153
0x99d305594E27441cfADf235f5480872243629dFA,1154
0x99d305594E27441cfADf235f5480872243629dFA,1155
0x2627c39DaBac510F47f2A692225e70C9B6249276,1156
0x99d305594E27441cfADf235f5480872243629dFA,1157
0xbFc540FE2E9710Ed9F45E8F4efC2089152CC6360,1158
0x99d305594E27441cfADf235f5480872243629dFA,1159
0x99d305594E27441cfADf235f5480872243629dFA,1160
0x99d305594E27441cfADf235f5480872243629dFA,1171
0x99d305594E27441cfADf235f5480872243629dFA,1184
0x3be41bE04d559CEBf93AF8d657c5484fa1521861,1187
0x6cCBa0A11458c461d146c28011B1DfA43f637ec6,1188
0xd08F177f6Fe96B5D863A5e45027eaFB041bc4B55,1189
0x4DaEa5f3bc56Feade3988c878E72670CC330b1bc,1190
0xea39E59da1db19d486df67D4DDbb8981216835da,1191
0x02E7b714fae84e4BA80f3CDa5508553e7CF5042A,1192
0x5e8cb2c4aeA7805c15C4aab30fbA16B427c4E741,1193
0x99d305594E27441cfADf235f5480872243629dFA,1197
0x99d305594E27441cfADf235f5480872243629dFA,1204
0x99d305594E27441cfADf235f5480872243629dFA,1232
0x99d305594E27441cfADf235f5480872243629dFA,1258
0x99d305594E27441cfADf235f5480872243629dFA,1306
0x99d305594E27441cfADf235f5480872243629dFA,1353
0x99d305594E27441cfADf235f5480872243629dFA,1376
0x99d305594E27441cfADf235f5480872243629dFA,1528
0x99d305594E27441cfADf235f5480872243629dFA,1572
0x99d305594E27441cfADf235f5480872243629dFA,1573
0x99d305594E27441cfADf235f5480872243629dFA,1580
0x2627c39DaBac510F47f2A692225e70C9B6249276,1742
0xD1Be0d7De9CB6cB1184a80b237AC9Ceb403D3752,1758
0x99d305594E27441cfADf235f5480872243629dFA,1858
0x99d305594E27441cfADf235f5480872243629dFA,1859
0x99d305594E27441cfADf235f5480872243629dFA,1860
0x99d305594E27441cfADf235f5480872243629dFA,1861
0x5a61dd9A663a868144660F5fB7Dc8dB68F0500Fb,1862
0x99d305594E27441cfADf235f5480872243629dFA,1863
0x2627c39DaBac510F47f2A692225e70C9B6249276,1864
0x88829b6cFbd56148DBc170C11ff935DEB76EB55C,1865
0x2B634D62f444305B9c12fE7690C1145439f8Bf12,1866
0x99d305594E27441cfADf235f5480872243629dFA,1867
0x99d305594E27441cfADf235f5480872243629dFA,1868
0x99d305594E27441cfADf235f5480872243629dFA,1869
0x99d305594E27441cfADf235f5480872243629dFA,1870
0x99d305594E27441cfADf235f5480872243629dFA,1871
0x99d305594E27441cfADf235f5480872243629dFA,1872
0x99d305594E27441cfADf235f5480872243629dFA,1873
0x99d305594E27441cfADf235f5480872243629dFA,1874
0x99d305594E27441cfADf235f5480872243629dFA,1876
0x99d305594E27441cfADf235f5480872243629dFA,1877
0x99d305594E27441cfADf235f5480872243629dFA,1878
0x99d305594E27441cfADf235f5480872243629dFA,1879
0x99d305594E27441cfADf235f5480872243629dFA,1880
0x99d305594E27441cfADf235f5480872243629dFA,1881
0x99d305594E27441cfADf235f5480872243629dFA,1882
0x99d305594E27441cfADf235f5480872243629dFA,1883
0x99d305594E27441cfADf235f5480872243629dFA,1884
0x9fa97af8bCC4CeEC9e97F71D212c883736238A42,1885
0x40b0afcC0045B3624ec345123b60EA58e0124255,1886
0x99d305594E27441cfADf235f5480872243629dFA,1887
0xE0aeD5f5ea5AD990E6F8F2c1b3dBaA49E367CfC4,1888
0x2B634D62f444305B9c12fE7690C1145439f8Bf12,1889
0x99d305594E27441cfADf235f5480872243629dFA,1890
0x6eD76abC8246Ed029C529a31a1dBF4dC2CB25246,1891
0x3a50F61CD7f752D164715Be3bEf44F7Abe59400F,1892
0x99d305594E27441cfADf235f5480872243629dFA,1893
0x99d305594E27441cfADf235f5480872243629dFA,1894
0x99d305594E27441cfADf235f5480872243629dFA,1895
0x99d305594E27441cfADf235f5480872243629dFA,1896
0xbFc540FE2E9710Ed9F45E8F4efC2089152CC6360,1897
0x99d305594E27441cfADf235f5480872243629dFA,1898
0x8dc2704022F2bA85845E80515FE9F7e8ed9f4a3B,1899
0xb7CEA1255488fB891400aAfCF0D96a6E1C9eeed4,1900
0x0A5e1766366E278Ff415d0521FDe933C5adb36F3,1901
0x2B0B0FbEf51dbec4645cD126AA4f5AB350685e2F,1902
0xcCdf7fAf3e42b9CBfC529c2bA5FdE4B2a6892b80,1903
0x7B9a2CC35259Cd6C4f8d9bF76F14e97E047390Ef,1904
0xFCCBdF70bA3df135056d05D715ec4C7A8ACDa817,1905
0xb41e31A4ddc1c3eD12ee1aDe86f01Ff1E3F9Fb27,1906
0x4253188A3D4A5eAD7eA0eA0fB479B6025A10Df38,1907
0xD5E7C8051bB55471e65c77735246037B88887794,1908
0x39786c76037037FA6AD759780E501B65Fc8b5b66,1909
0xC17972df116C4Da7c61E42188C2376439b753419,1910
0x2Fc3AaD3eA5e55e1fAF2AE856aaFA3Bf0fF3fB57,1911
0x2DC09eDF413b0FD621027cB5bB752fC1c740f0Ad,1912
0x111da5bd993636d82adA5788B10C9fB9af85fA30,1913
0x2E2901Bd628c930818773300f3c185d6BDCd1112,1914
0x98A61aD2f3a2624C52Cef30Af0A853575FDfC1F6,1915
0x75319dCF2F347b4F7C6F9040a50b4253F7E46681,1916
0xbFc540FE2E9710Ed9F45E8F4efC2089152CC6360,1917
0x442C5676E31Df8E0018C949b09141fD333980BcC,1918
0x57c61F7C6AD765cB209262C765aAd0A1F0f062cF,1919
0xf80C361C5eb3aa62bdaC7E51d56e484d7414d6Ca,1920
0xFd1BD701AFb8Da8B0347fD6F9aF61fc899890935,1921
0x8cd3b0DD7dd80B48ba4FBa838Cec2b3155838c38,1922
0xD1Be0d7De9CB6cB1184a80b237AC9Ceb403D3752,1923
0xe1EcF8EF96A4A01E1cB713321564530DC3165A8C,1924
0xaB17D88E56278182F95ebe1658AE0Fd1b836979B,1925
0xb621f3CD5b710c78f963645dFe76de0541502206,1926
0x60152B8d07ba7dd5f7c3fF8BBC3c99a4FC44EeFa,1927
0xde051b453e12C0a0179C5D591Ea11E298D5F2aF3,1928
0xd4438e14872Ea786e7011746CD8F44E896BCF8E6,1929
0x7BD940a4c667aD9F8D8725A56E59DCB3e45ac1ff,1930
0x1aB89De00F039d9De0E17cd1F1A5E7372C475aC3,1931
0x66DC2CCcd7fa6206617A8bDeE3fB6dc21b848A3a,1932
0xD1Be0d7De9CB6cB1184a80b237AC9Ceb403D3752,1933
0x9E725E0916675bB4f7C00a3CECfdE4F50B932Cc6,1934
0x9C415b77385b5D20357ecccB0B67810c3095149e,1935
0xbAf7c5e84b844Fb3Cca9de566159cBc1dEf6c406,1936
0xBDe64E51aFA84B9165E815d1DE6f52ad3c783fee,1937
0x574E4E316566c3278eB80f89C3b4760A2Af6BE18,1938
0x228C112E04b4eAf8f3926DfaeFeF7f6f28AdaFa1,1939
0x2EB8291d3a6b72cf55B000610B6485b68783D330,1940
0x2DC09eDF413b0FD621027cB5bB752fC1c740f0Ad,1941
0xB254041419C4769ECe776939D0dF191C122F0699,1942
0xB0A33A136250db0Eb256AD7C370F9eacF6f935ed,1943
0x78FA562DB71c28Af6E0643324CD2b5d3CF2bc6ef,1945
0xeb10CC00959Ff88b2Db0BC61e7aB0aE594C02f75,1946
0xc06cFA9afa8a2895162a85D378284951b65B7459,1947
0xa57d7AA44517BB349FD6dEB1aC6771774bA51387,1948
0xE2bF97aB06690A6460621D060c22CC404Eff70eb,1949
0xb6762e00c12969e16e138E3dAf8D2Bd261329866,1950
0xBe6AC4a5B61A4bE1aC4Ea473669a24eE5aaE3033,1951
0x7E438E222f1f8Cc4c0B69B2f7e6b90403288462F,1952
0xADC91c54925c3F3Da0071A64862377e74B5bF169,1953
0x4Cd209Eef1308EEDd8F0406E887942e236af7cf6,1955
0x4Cd209Eef1308EEDd8F0406E887942e236af7cf6,1956
0x978C64E04c0e4b18D0b998d75bA237FF5f9C177A,1957
0x7D220f11e35DCA6a25C6D1c4706ab29976418887,1958
0x797008Aa5a6544C86ed064187c79Fcc349de43E2,1959
0x3f4b8C204c9e767cf5AB43Cf7804340d9E4bc910,1960
0x3176b9FbEc2A032a2F0E64C00b6f4155FaEDF54b,1961
0x1498D282b1f2d2226f4Aea22219F5be900066AC0,1962
0x35B3b62c3B8ec3e187C99A39742dB9e6bee95c88,1963
0x221B9632Ad1698D07c6132acf6D761eF335BD488,1964
0x05345be8488A39AD8F9E9A63b4978CC4449Fee1e,1965
0x34c886640B9e2697374b48843c43993c86640f3c,1966
0x52a3C618D47A4CE8C95eB846eeD47ef3CED4bF2F,1967
0x4587dFFE5cFCDA26929614De491E32f1f20E6E6F,1968
0x5FE65CcAbd7740671bD9E3ffb209E9F3311F6531,1969
0x3C173E3d1E6eAf8f697DAEA05a39Ff0c067743a4,1970
0x4C13FE288d0e7AE658087F1DC50C15107421AD3F,1971
0x255b7833AD17851276bE013Fdfd81e13223D884C,1972
0xF6A1F53026dC95152269aB4fD5De04CbaffDb528,1973
0x4B70b870182F65E43E7413Ec33878015EAb7E7Ff,1974
0x1A66536999b66f6aE13508fC198a06615A11CD77,1975
0x95Da5569C9b7ED485330E6D31E3DdB62CC07Db68,1976
0x541865e19F0c7E29Bc2547041f967429CB78C8e0,1977
0xB4Fc7A71d0660CB69b055A24a82638e8Bf0e0e4a,1978
0x406149cb165Db1a0c1C8AA8d9310C4F36a7d6864,1979
0x7282aB49b58C7c493F49F2d5D1a723BdEd47C420,1980
0x57696a563B66dFA0c180747217d0EdCF17A9cD51,1981
0xbf98828FF08D11a9462200F42c89Ba4887ec914B,1982
0x7c0272652ae69640703773850C4eDE626aCb77A5,1983
0x6d7D2CC67f5Da6587b65854A6Cd5eFD5d2867124,1984
0xBA13d8648033985db1A9fcb89fA7B38bd453eA73,1985
0x38a5b32ff09Ba03A153a3Db6e03b71454295917C,1986
0x8A92771Ff45734A6bc12Ef50fB30bD13a6B7226C,1987
0xc9329f80cccAd7D9B1d1dfF1b6c5a2292b4513d8,1994
0x367043503a761Da98Be90D79CC234CcC101EC499,1995
0x2627c39DaBac510F47f2A692225e70C9B6249276,1998
0xd4F8c77017e889bb52e7f7542Dc0134101a48952,1999
0xf2a3d0e3336DCCE72a0B17b5766DaD55A91B9D77,2000